{
    "keep": {
        "days": true,
        "amount": 14
    },
    "auditLog": "logs\\.018ef47a2cccbab37b057fe23a5936cc9ea6f063-audit.json",
    "files": [
        {
            "date": 1754684597034,
            "name": "logs\\http-2025-08-08.log",
            "hash": "582751d34167e8e94c80581a7713bf5541056f365f09562eb05e7dd7be1376fb"
        },
        {
            "date": 1754696808909,
            "name": "logs\\http-2025-08-09.log",
            "hash": "310c3fcd1e59ced6ccfe1b5f3d6adfe60cb196a23404dc0f4ac83d6acdda103a"
        }
    ],
    "hashType": "sha256"
}