{
    "keep": {
        "days": true,
        "amount": 14
    },
    "auditLog": "logs\\.0ced9ecee1686cb67562d123fac5454e1c5b0390-audit.json",
    "files": [
        {
            "date": 1754684597033,
            "name": "logs\\combined-2025-08-08.log",
            "hash": "2ed6f2f56799b517f78032be9b2e2867897cd286a9b7848bf85c509f8bff6e42"
        },
        {
            "date": 1754696808907,
            "name": "logs\\combined-2025-08-09.log",
            "hash": "1f090359a249f6c37efcaf5957f0acba38419d46b8bee03cf86d007d2f340bd9"
        }
    ],
    "hashType": "sha256"
}