{
    "keep": {
        "days": true,
        "amount": 14
    },
    "auditLog": "logs\\.f4f134116140fa89532465b14bbf52eb11652fcb-audit.json",
    "files": [
        {
            "date": 1754684597030,
            "name": "logs\\error-2025-08-08.log",
            "hash": "e61d47de5eca953e2c88e3a05ec705bdb7f9ffa7ce2d5cb574ec8039c7843918"
        },
        {
            "date": 1754696808904,
            "name": "logs\\error-2025-08-09.log",
            "hash": "3b6df76000c3869eb95685ac0c69251a40aaf0922fa0868f0810aedb0604d62a"
        }
    ],
    "hashType": "sha256"
}